CONTATO/APELIDO;NOME COMPLETO;EMPRESA(OPCIONAL);CONTATO 1;CONTATO 2;Endereço;Cidade;CPF/CNPJ;RG/INSCRIÇÃO ESTADUAL;E-MAIL (OPCIONAL);REFERÊNCIA 1 ;REFERÊNCIA  2;BANCO;OPÇÃO PARA PAGAMENTO;SUGESTÃO DE MELHORIAS;SUGESTÃO DE PRODUTOS
SIDNEY;;CIDADE FORMOSA;(21) 24720413;;;;;;;;;;;;
ALEXANDRE BOI;;;(35) 99131-0809;;;;;;;;;;;;
ALEXANDRE SEQUINHO;;;(35) 99192-3000;;;;;;;;;;;;
ALEXANDRE CRISTINA;;;(35) 99262-5666;;;;;;;;;;;;
ALGI - (MAX);;ALGI;(21) 98993-3314;;;;;;;;;;;;
ALMIR MANAUS;;;(92) 98155-0070;(92) 99311-3899;;;;;;;;;;;
ANTONIO MANAUS;;;(92)981338965;;;;;;;;;;;;
BACALHAU;;;(35) 99199-1124;;;;;;;;;;;;
BETO MARCIA;;;(35) 99109-8035;;;;;;;;;;;;
BONITINHO;;;(71) 98182-3215;;;;;;;;;;;;
CARLINHO CRISTINA;;;(35) 99113-4893;;;;;;;;;;;;
CASCAVEL;;;(35) 99191-8476;;;;;;;;;;;;
CEARÁ MANAUS;;;(92) 99411-3789;;;;;;;;;;;;
FLOR DO PINHO - (CRYS);;;(19) 99740-8477;;;;;;;;;;;;
CEREALISTA IRMÃO UEMA;;;(11) 96560-2878;;;;;;;;;;;;
CEREALISTA NAKIA - (FERNANDO);;;(21) 99031-4014;;;;;;;;;;;;
CHIQUINHO MATA;;;;;;;;;;;;;;;
MONREAVE - LUIZ HENRIQUE;;;(35) 99142-1342;;;;;;;;;;;;
COMERCIAL BRANDÃO  -(LORINHO);;;(92) 99116-1655;;;;;;;;;;;;
DITO ANO BOM;;;(35) 98428-1151;;;;;;;;;;;;
EUSEBIO;;;(35) 99163-1703;(35) 99163-1703;;;;;;;;;;;
LUCIANO FORTALEZA;;;(85) 99645-7000;;;;;;;;;;;;
FELIPE SÃO LOURENÇO;;;(35) 99201-4665;;;;;;;;;;;;
FIO DE OURO;;;(35)    36621926;;;;;;;;;;;;
FLAVINHO;;;(35) 99911-0766;;;;;;;;;;;;
FLORENÇO;;;(35) 98456-0512;;;;;;;;;;;;
IRMÃOS VALÉRIO (LUCIANO/RAFAEL);;;(24)   22429476;;;;;;;;;;;;
JOAB;;;;;;;;;;;;;;;
JONAS DA MATA;;;(35) 99761-4053;;;;;;;;;;;;
ZÉ DIVINO;;;;;;;;;;;;;;;
JOSÉ LUIZ - FALAR COM REGINALDO;;QUALY CHIPS;(35) 99175-6362;;;;;;;;;;;;
JOSÉ MAURO QUITANDA;;;;;;;;;;;;;;;
LUCAS VALÉRIO;;;(35) 99224-3974;;;;;;;;;;;;
LUIZ CARLOS;;;(35) 99160-0036;;;;;;;;;;;;
LUIZINHO;;;;;;;;;;;;;;;
LUIZINHO JUNCAL;;;(35) 99819-4628;;;;;;;;;;;;
MARCINHO BARBOSA;;;;;;;;;;;;;;;
MAURI TIJUCO PRETO;;;;;;;;;;;;;;;
MAURICIO MATA;;;(35) 99161-6362;;;;;;;;;;;;
MAURILIO ANO BOM;;;(35) 99192-5549;;;;;;;;;;;;
MAURO LAMBARI;;;(35) 99130-9626;;;;;;;;;;;;
MOACIR PEREZ - (MAURILIO);;;(35) 99144-2375;;;;;;;;;;;;
MZ;;;(21)    24712252;;;;;;;;;;;;
NELSON;;;(95) 99144-4440;;;;;;;;;;;;
ODAIR FILHO DO IVO;;;;;;;;;;;;;;;
OSNIR;;;(92) 98152-6616;;;;;;;;;;;;
PEDRO JOB;;;;;;;;;;;;;;;
PRAIA DA COSTA;;;(21) 96421-1986;;;;;;;;;;;;
RENILSON;;;(69) 99973-7851;;;;;;;;;;;;
RODAR;;;(11) 99641-0521;;;;;;;;;;;;
RUBENS SIMÕES;;;(35) 99707-7581;;;;;;;;;;;;
SEBASTIÃO MOREIRA;;;(35) 99994-2841;;;;;;;;;;;;
SERGIO KOMBI;;;(35) 99201-1084;;;;;;;;;;;;
RONAN;;;(92) 99248-9796;;;;;;;;;;;;
REGINALDO;;TRÊS AGUIAS;(21) 99348-9792;;;;;;;;;;;;
VALDENOR MANAUS;;;(92) 99147-0825;;;;;;;;;;;;
