Apelido;Nome completo;Empresa(opcional);Endereço;Cidade;Telefone(s);CPF/CNPJ;RG/INSCRIÇÃO ESTADUAL;E-MAIL (OPCIONAL);REFERÊNCIA COMERCIAL 1;REFERÊNCIA COMERCIAL 2;REFERÊNCUA BANCÁRIA
AFONSO IPUIUNA;;;;;;;;;;;
AGROPECUÁRIA ALIMENTAR;;;;;;;;;;;
ALEXANDRE-CRISTINA;;;;;;;;;;;
ANSELMO RIGOTTE;;;;;;;;;;;
BATATAS TRI LEGAL;;;;;;;;;;;
BETO ANSAI;;;;;;;;;;;
BETÃO VARGEM;;;;;;;;;;;
BICO FINO;;;;;;;;;;;
CARLINHO CAMANDUCAIA;;;;;;;;;;;
CARLINHO CRISTINA;;;;;;;;;;;
CEBOLINHA DE JESUS;;;;;;;;;;;
CELINHO E HUGO;;;;;;;;;;;
CEREALISTA MINAS PARANA;;;;;;;;;;;
CEREALISATA NAKIA;;;;;;;;;;;
CESINHA;;;;;;;;;;;
CIDADE FORMOSA;;;;;;;;;;;
CLAUDIO PECJEBOVICZ;;;;;;;;;;;
CRISLEY PERAL;;;;;;;;;;;
DANIEL MIGOTI;;;;;;;;;;;
DEIR;;;;;;;;;;;
DEIVISON;;;;;;;;;;;
DENILSON MORAES;;;;;;;;;;;
DILSINHO;;;;;;;;;;;
DIMAS MATA;;;;;;;;;;;
EDSON DA SILVA TEIXEIRA;;;;;;;;;;;
ELDER;;;;;;;;;;;
ELIAS;;;;;;;;;;;
FELIX;;;;;;;;;;;
GERALDO BRAGA;;;;;;;;;;;
GRUPO CORAGEM;;;;;;;;;;;
GUSTAVO FERREIRA;;;;;;;;;;;
GUTO CAMANDUCAIA;;;;;;;;;;;
GUTO CAMBUI;;;;;;;;;;;
HIONE;;;;;;;;;;;
HUGO ANDRADAS;;;;;;;;;;;
IRMAOS VALÉRIO;;;;;;;;;;;
JG - COMÉRCIO DE BATATA;;;;;;;;;;;
JOÃO BATISTA DO SANTOS;;;;;;;;;;;
JOAQUIM LUCIO DOS SANTOS;;;;;;;;;;;
JONAS DA MATA;;;;;;;;;;;
JOSE EDUARDO PANTANEIRO;;;;;;;;;;;
JOSE MARCIO - MATA;;;;;;;;;;;
JOSE MAURO - MATA;;;;;;;;;;;
JOSÉ TRAIRA;;;;;;;;;;;
JOÃO TOTÓ;;;;;;;;;;;
LÍGIA CEBOLA;;;;;;;;;;;
LUCAS BRAGA;;;;;;;;;;;
LUIZ HENRIQUE ;;;;;;;;;;;
LUIZINHO JUNCAL;;;;;;;;;;;
MARCINHO BARBOSA;;;;;;;;;;;
MARCOS CEBULA;;;;;;;;;;;
MASSAGES MIGOT;;;;;;;;;;;
MINEIRINHO;;;;;;;;;;;
NANÃO CEBOLA;;;;;;;;;;;
NEI - VANDIR;;;;;;;;;;;
NEI POUSO ALEGRE;;;;;;;;;;;
NELSON DA ILHA;;;;;;;;;;;
NILSON - MATA;;;;;;;;;;;
NONO-VANDIR;;;;;;;;;;;
PASCHOAL - BOM REPOUSO;;;;;;;;;;;
PAULINHO - VARGEM;;;;;;;;;;;
PEDRO CALIXTO;;;;;;;;;;;
PRAIA DA COSTA;;;;;;;;;;;
QUEIJEIRO;;;;;;;;;;;
RICARDO MALAGUTII;;;;;;;;;;;
ROBSON FURMAN;;;;;;;;;;;
ROVANI MATA;;;;;;;;;;;
RUBENSE SIMÕES;;;;;;;;;;;
SIDNEY CIGANO;;;;;;;;;;;
TRES AGUIAS;;;;;;;;;;;
VALDIR CHAVECO;;;;;;;;;;;
VANDIR;;;;;;;;;;;
VANDO - (LUIZINHO);;;;;;;;;;;
VANDIR;;;;;;;;;;;
VICENTE KAKA;;;;;;;;;;;
WOGNER;;;;;;;;;;;
WRADEMIR;;;;;;;;;;;
